alabama,alabama,"0"
alabama,alaska,"5,503"
alabama,arizona,"2,259"
alabama,arkansas,"557"
alabama,california,"3,010"
alabama,colorado,"1,878"
alabama,connecticut,"1,601"
alabama,delaware,"1,262"
alabama,florida,"732"
alabama,georgia,"10,310"
alabama,hawaii,"6,895"
alabama,idaho,"2,747"
alabama,illinois,"949"
alabama,indiana,"885"
alabama,iowa,"1,195"
alabama,kansas,"1,283"
alabama,kentucky,"658"
alabama,louisiana,"502"
alabama,maine,"2,080"
alabama,maryland,"1,190"
alabama,massachusetts,"1,768"
alabama,michigan,"1,336"
alabama,minnesota,"1,732"
alabama,mississippi,"235"
alabama,missouri,"771"
alabama,montana-us,"2,566"
alabama,nebraska,"1,539"
alabama,nevada,"2,758"
alabama,new-hampshire,"1,806"
alabama,new-jersey,"1,412"
alabama,new-mexico,"1,778"
alabama,new-york,"1,481"
alabama,north-carolina,"822"
alabama,north-dakota,"2,070"
alabama,ohio,"967"
alabama,oklahoma,"991"
alabama,oregon,"3,189"
alabama,pennsylvania,"1,311"
alabama,rhode-island,"1,711"
alabama,south-carolina,"562"
alabama,south-dakota,"1,719"
alabama,tennessee,"356"
alabama,texas,"1,226"
alabama,utah,"2,312"
alabama,vermont,"1,841"
alabama,virginia,"943"
alabama,washington,"3,452"
alabama,west-virginia,"909"
alabama,wisconsin,"1,283"
alabama,wyoming,"2,149"
alaska,alabama,"5,503"
alaska,alaska,"0"
alaska,arizona,"4,244"
alaska,arkansas,"4,994"
alaska,california,"3,650"
alaska,colorado,"3,936"
alaska,connecticut,"5,307"
alaska,delaware,"5,436"
alaska,florida,"6,210"
alaska,georgia,"8,141"
alaska,hawaii,"4,942"
alaska,idaho,"3,118"
alaska,illinois,"4,606"
alaska,indiana,"4,798"
alaska,iowa,"4,314"
alaska,kansas,"4,321"
alaska,kentucky,"5,111"
alaska,louisiana,"5,391"
alaska,maine,"5,150"
alaska,maryland,"5,370"
alaska,massachusetts,"5,315"
alaska,michigan,"4,460"
alaska,minnesota,"3,809"
alaska,mississippi,"5,380"
alaska,missouri,"4,734"
alaska,montana-us,"3,053"
alaska,nebraska,"4,025"
alaska,nevada,"3,559"
alaska,new-hampshire,"5,235"
alaska,new-jersey,"5,385"
alaska,new-mexico,"4,417"
alaska,new-york,"5,344"
alaska,north-carolina,"5,560"
alaska,north-dakota,"3,434"
alaska,ohio,"4,941"
alaska,oklahoma,"4,765"
alaska,oregon,"2,907"
alaska,pennsylvania,"5,146"
alaska,rhode-island,"5,386"
alaska,south-carolina,"5,637"
alaska,south-dakota,"3,800"
alaska,tennessee,"5,216"
alaska,texas,"4,929"
alaska,utah,"3,726"
alaska,vermont,"5,065"
alaska,virginia,"5,422"
alaska,washington,"2,504"
alaska,west-virginia,"5,226"
alaska,wisconsin,"4,352"
alaska,wyoming,"3,538"
arizona,alabama,"2,259"
arizona,alaska,"4,244"
arizona,arizona,"0"
arizona,arkansas,"1,768"
arizona,california,"814"
arizona,colorado,"773"
arizona,connecticut,"3,420"
arizona,delaware,"3,212"
arizona,florida,"2,905"
arizona,georgia,"11,158"
arizona,hawaii,"4,645"
arizona,idaho,"1,156"
arizona,illinois,"2,050"
arizona,indiana,"2,313"
arizona,iowa,"1,799"
arizona,kansas,"1,255"
arizona,kentucky,"2,448"
arizona,louisiana,"1,827"
arizona,maine,"3,737"
arizona,maryland,"3,115"
arizona,massachusetts,"3,564"
arizona,michigan,"2,466"
arizona,minnesota,"1,973"
arizona,mississippi,"2,028"
arizona,missouri,"1,786"
arizona,montana-us,"1,426"
arizona,nebraska,"1,284"
arizona,nevada,"711"
arizona,new-hampshire,"3,552"
arizona,new-jersey,"3,306"
arizona,new-mexico,"484"
arizona,new-york,"3,341"
arizona,north-carolina,"2,925"
arizona,north-dakota,"1,721"
arizona,ohio,"2,587"
arizona,oklahoma,"1,289"
arizona,oregon,"1,357"
arizona,pennsylvania,"3,075"
arizona,rhode-island,"3,554"
arizona,south-carolina,"2,757"
arizona,south-dakota,"1,464"
arizona,tennessee,"2,244"
arizona,texas,"1,070"
arizona,utah,"585"
arizona,vermont,"3,483"
arizona,virginia,"2,943"
arizona,washington,"1,751"
arizona,west-virginia,"2,784"
arizona,wisconsin,"2,206"
arizona,wyoming,"1,055"
arkansas,alabama,"557"
arkansas,alaska,"4,994"
arkansas,arizona,"1,768"
arkansas,arkansas,"0"
arkansas,california,"2,485"
arkansas,colorado,"1,325"
arkansas,connecticut,"1,780"
arkansas,delaware,"1,505"
arkansas,florida,"1,287"
arkansas,georgia,"10,290"
arkansas,hawaii,"6,413"
arkansas,idaho,"2,189"
arkansas,illinois,"640"
arkansas,indiana,"754"
arkansas,iowa,"749"
arkansas,kansas,"727"
arkansas,kentucky,"738"
arkansas,louisiana,"468"
arkansas,maine,"2,197"
arkansas,maryland,"1,414"
arkansas,massachusetts,"1,942"
arkansas,michigan,"1,143"
arkansas,minnesota,"1,302"
arkansas,mississippi,"388"
arkansas,missouri,"307"
arkansas,montana-us,"2,018"
arkansas,nebraska,"992"
arkansas,nevada,"2,218"
arkansas,new-hampshire,"1,955"
arkansas,new-jersey,"1,627"
arkansas,new-mexico,"1,285"
arkansas,new-york,"1,678"
arkansas,north-carolina,"1,164"
arkansas,north-dakota,"1,569"
arkansas,ohio,"975"
arkansas,oklahoma,"480"
arkansas,oregon,"2,632"
arkansas,pennsylvania,"1,442"
arkansas,rhode-island,"1,908"
arkansas,south-carolina,"991"
arkansas,south-dakota,"1,194"
arkansas,tennessee,"479"
arkansas,texas,"830"
arkansas,utah,"1,765"
arkansas,vermont,"1,940"
arkansas,virginia,"1,208"
arkansas,washington,"2,895"
arkansas,west-virginia,"1,081"
arkansas,wisconsin,"988"
arkansas,wyoming,"1,593"
california,alabama,"3,010"
california,alaska,"3,650"
california,arizona,"814"
california,arkansas,"2,485"
california,california,"0"
california,colorado,"1,233"
california,connecticut,"3,990"
california,delaware,"3,833"
california,florida,"3,687"
california,georgia,"11,073"
california,hawaii,"3,976"
california,idaho,"901"
california,illinois,"2,633"
california,indiana,"2,911"
california,iowa,"2,329"
california,kansas,"1,854"
california,kentucky,"3,100"
california,louisiana,"2,610"
california,maine,"4,237"
california,maryland,"3,735"
california,massachusetts,"4,118"
california,michigan,"2,961"
california,minnesota,"2,321"
california,mississippi,"2,786"
california,missouri,"2,438"
california,montana-us,"1,349"
california,nebraska,"1,762"
california,nevada,"347"
california,new-hampshire,"4,091"
california,new-jersey,"3,906"
california,new-mexico,"1,251"
california,new-york,"3,928"
california,north-carolina,"3,605"
california,north-dakota,"1,927"
california,ohio,"3,183"
california,oklahoma,"2,021"
california,oregon,"786"
california,pennsylvania,"3,655"
california,rhode-island,"4,123"
california,south-carolina,"3,471"
california,south-dakota,"1,834"
california,tennessee,"2,944"
california,texas,"1,869"
california,utah,"783"
california,vermont,"3,997"
california,virginia,"3,595"
california,washington,"1,175"
california,west-virginia,"3,417"
california,wisconsin,"2,701"
california,wyoming,"1,248"
colorado,alabama,"1,878"
colorado,alaska,"3,936"
colorado,arizona,"773"
colorado,arkansas,"1,325"
colorado,california,"1,233"
colorado,colorado,"0"
colorado,connecticut,"2,761"
colorado,delaware,"2,601"
colorado,florida,"2,597"
colorado,georgia,"10,420"
colorado,hawaii,"5,208"
colorado,idaho,"897"
colorado,illinois,"1,400"
colorado,indiana,"1,678"
colorado,iowa,"1,101"
colorado,kansas,"632"
colorado,kentucky,"1,877"
colorado,louisiana,"1,573"
colorado,maine,"3,031"
colorado,maryland,"2,503"
colorado,massachusetts,"2,893"
colorado,michigan,"1,750"
colorado,minnesota,"1,203"
colorado,mississippi,"1,676"
colorado,missouri,"1,224"
colorado,montana-us,"895"
colorado,nebraska,"543"
colorado,nevada,"922"
colorado,new-hampshire,"2,870"
colorado,new-jersey,"2,674"
colorado,new-mexico,"558"
colorado,new-york,"2,697"
colorado,north-carolina,"2,390"
colorado,north-dakota,"969"
colorado,ohio,"1,951"
colorado,oklahoma,"920"
colorado,oregon,"1,315"
colorado,pennsylvania,"2,424"
colorado,rhode-island,"2,895"
colorado,south-carolina,"2,281"
colorado,south-dakota,"693"
colorado,tennessee,"1,751"
colorado,texas,"995"
colorado,utah,"458"
colorado,vermont,"2,784"
colorado,virginia,"2,369"
colorado,washington,"1,614"
colorado,west-virginia,"2,187"
colorado,wisconsin,"1,488"
colorado,wyoming,"411"
connecticut,alabama,"1,601"
connecticut,alaska,"5,307"
connecticut,arizona,"3,420"
connecticut,arkansas,"1,780"
connecticut,california,"3,990"
connecticut,colorado,"2,761"
connecticut,connecticut,"0"
connecticut,delaware,"364"
connecticut,florida,"1,726"
connecticut,georgia,"8,742"
connecticut,hawaii,"7,959"
connecticut,idaho,"3,380"
connecticut,illinois,"1,372"
connecticut,indiana,"1,108"
connecticut,iowa,"1,661"
connecticut,kansas,"2,170"
connecticut,kentucky,"1,045"
connecticut,louisiana,"2,057"
connecticut,maine,"501"
connecticut,maryland,"414"
connecticut,massachusetts,"167"
connecticut,michigan,"1,063"
connecticut,minnesota,"1,812"
connecticut,mississippi,"1,773"
connecticut,missouri,"1,652"
connecticut,montana-us,"3,005"
connecticut,nebraska,"2,228"
connecticut,nevada,"3,664"
connecticut,new-hampshire,"216"
connecticut,new-jersey,"204"
connecticut,new-mexico,"2,963"
connecticut,new-york,"125"
connecticut,north-carolina,"829"
connecticut,north-dakota,"2,299"
connecticut,ohio,"836"
connecticut,oklahoma,"2,215"
connecticut,oregon,"3,843"
connecticut,pennsylvania,"346"
connecticut,rhode-island,"134"
connecticut,south-carolina,"1,117"
connecticut,south-dakota,"2,200"
connecticut,tennessee,"1,354"
connecticut,texas,"2,607"
connecticut,utah,"3,207"
connecticut,vermont,"331"
connecticut,virginia,"666"
connecticut,washington,"3,951"
connecticut,west-virginia,"711"
connecticut,wisconsin,"1,307"
connecticut,wyoming,"2,804"
delaware,alabama,"1,262"
delaware,alaska,"5,436"
delaware,arizona,"3,212"
delaware,arkansas,"1,505"
delaware,california,"3,833"
delaware,colorado,"2,601"
delaware,connecticut,"364"
delaware,delaware,"0"
delaware,florida,"1,365"
delaware,georgia,"9,103"
delaware,hawaii,"7,808"
delaware,idaho,"3,293"
delaware,illinois,"1,202"
delaware,indiana,"923"
delaware,iowa,"1,525"
delaware,kansas,"1,984"
delaware,kentucky,"773"
delaware,louisiana,"1,736"
delaware,maine,"865"
delaware,maryland,"98"
delaware,massachusetts,"523"
delaware,michigan,"1,031"
delaware,minnesota,"1,785"
delaware,mississippi,"1,449"
delaware,missouri,"1,425"
delaware,montana-us,"2,952"
delaware,nebraska,"2,088"
delaware,nevada,"3,519"
delaware,new-hampshire,"580"
delaware,new-jersey,"160"
delaware,new-mexico,"2,741"
delaware,new-york,"239"
delaware,north-carolina,"467"
delaware,north-dakota,"2,267"
delaware,ohio,"655"
delaware,oklahoma,"1,964"
delaware,oregon,"3,760"
delaware,pennsylvania,"292"
delaware,rhode-island,"454"
delaware,south-carolina,"757"
delaware,south-dakota,"2,104"
delaware,tennessee,"1,050"
delaware,texas,"2,335"
delaware,utah,"3,056"
delaware,vermont,"673"
delaware,virginia,"320"
delaware,washington,"3,906"
delaware,west-virginia,"430"
delaware,wisconsin,"1,233"
delaware,wyoming,"2,696"
florida,alabama,"732"
florida,alaska,"6,210"
florida,arizona,"2,905"
florida,arkansas,"1,287"
florida,california,"3,687"
florida,colorado,"2,597"
florida,connecticut,"1,726"
florida,delaware,"1,365"
florida,florida,"0"
florida,georgia,"10,423"
florida,hawaii,"7,490"
florida,idaho,"3,474"
florida,illinois,"1,610"
florida,indiana,"1,461"
florida,iowa,"1,896"
florida,kansas,"2,014"
florida,kentucky,"1,157"
florida,louisiana,"1,079"
florida,maine,"2,226"
florida,maryland,"1,341"
florida,massachusetts,"1,876"
florida,michigan,"1,883"
florida,minnesota,"2,410"
florida,mississippi,"921"
florida,missouri,"1,494"
florida,montana-us,"3,297"
florida,nebraska,"2,271"
florida,nevada,"3,454"
florida,new-hampshire,"1,942"
florida,new-jersey,"1,523"
florida,new-mexico,"2,438"
florida,new-york,"1,603"
florida,north-carolina,"928"
florida,north-dakota,"2,782"
florida,ohio,"1,420"
florida,oklahoma,"1,688"
florida,oregon,"3,911"
florida,pennsylvania,"1,553"
florida,rhode-island,"1,794"
florida,south-carolina,"685"
florida,south-dakota,"2,445"
florida,tennessee,"994"
florida,texas,"1,838"
florida,utah,"3,019"
florida,vermont,"2,037"
florida,virginia,"1,116"
florida,washington,"4,182"
florida,west-virginia,"1,217"
florida,wisconsin,"1,904"
florida,wyoming,"2,880"
georgia,alabama,"10,310"
georgia,alaska,"8,141"
georgia,arizona,"11,158"
georgia,arkansas,"10,290"
georgia,california,"11,073"
georgia,colorado,"10,420"
georgia,connecticut,"8,742"
georgia,delaware,"9,103"
georgia,florida,"10,423"
georgia,georgia,"0"
georgia,hawaii,"12,848"
georgia,idaho,"10,191"
georgia,illinois,"9,665"
georgia,indiana,"9,545"
georgia,iowa,"9,711"
georgia,kansas,"10,210"
georgia,kentucky,"9,671"
georgia,louisiana,"10,695"
georgia,maine,"8,245"
georgia,maryland,"9,155"
georgia,massachusetts,"8,580"
georgia,michigan,"9,152"
georgia,minnesota,"9,309"
georgia,mississippi,"10,437"
georgia,missouri,"10,028"
georgia,montana-us,"9,790"
georgia,nebraska,"10,019"
georgia,nevada,"10,792"
georgia,new-hampshire,"8,528"
georgia,new-jersey,"8,944"
georgia,new-mexico,"10,939"
georgia,new-york,"8,867"
georgia,north-carolina,"9,570"
georgia,north-dakota,"9,451"
georgia,ohio,"9,370"
georgia,oklahoma,"10,547"
georgia,oregon,"10,332"
georgia,pennsylvania,"9,002"
georgia,rhode-island,"8,652"
georgia,south-carolina,"9,859"
georgia,south-dakota,"9,772"
georgia,tennessee,"10,000"
georgia,texas,"10,966"
georgia,utah,"10,604"
georgia,vermont,"8,473"
georgia,virginia,"9,405"
georgia,washington,"10,014"
georgia,west-virginia,"9,403"
georgia,wisconsin,"9,345"
georgia,wyoming,"10,103"
hawaii,alabama,"6,895"
hawaii,alaska,"4,942"
hawaii,arizona,"4,645"
hawaii,arkansas,"6,413"
hawaii,california,"3,976"
hawaii,colorado,"5,208"
hawaii,connecticut,"7,959"
hawaii,delaware,"7,808"
hawaii,florida,"7,490"
hawaii,georgia,"12,848"
hawaii,hawaii,"0"
hawaii,idaho,"4,627"
hawaii,illinois,"6,609"
hawaii,indiana,"6,887"
hawaii,iowa,"6,300"
hawaii,kansas,"5,826"
hawaii,kentucky,"7,068"
hawaii,louisiana,"6,433"
hawaii,maine,"8,170"
hawaii,maryland,"7,711"
hawaii,massachusetts,"8,081"
hawaii,michigan,"6,913"
hawaii,minnesota,"6,217"
hawaii,mississippi,"6,661"
hawaii,missouri,"6,403"
hawaii,montana-us,"5,060"
hawaii,nebraska,"5,732"
hawaii,nevada,"4,296"
hawaii,new-hampshire,"8,049"
hawaii,new-jersey,"7,881"
hawaii,new-mexico,"5,129"
hawaii,new-york,"7,901"
hawaii,north-carolina,"7,562"
hawaii,north-dakota,"5,760"
hawaii,ohio,"7,159"
hawaii,oklahoma,"5,934"
hawaii,oregon,"4,192"
hawaii,pennsylvania,"7,628"
hawaii,rhode-island,"8,091"
hawaii,south-carolina,"7,402"
hawaii,south-dakota,"5,770"
hawaii,tennessee,"6,886"
hawaii,texas,"5,674"
hawaii,utah,"4,755"
hawaii,vermont,"7,941"
hawaii,virginia,"7,565"
hawaii,washington,"4,220"
hawaii,west-virginia,"7,390"
hawaii,wisconsin,"6,658"
hawaii,wyoming,"5,166"
idaho,alabama,"2,747"
idaho,alaska,"3,118"
idaho,arizona,"1,156"
idaho,arkansas,"2,189"
idaho,california,"901"
idaho,colorado,"897"
idaho,connecticut,"3,380"
idaho,delaware,"3,293"
idaho,florida,"3,474"
idaho,georgia,"10,191"
idaho,hawaii,"4,627"
idaho,idaho,"0"
idaho,illinois,"2,114"
idaho,indiana,"2,389"
idaho,iowa,"1,777"
idaho,kansas,"1,465"
idaho,kentucky,"2,640"
idaho,louisiana,"2,469"
idaho,maine,"3,547"
idaho,maryland,"3,198"
idaho,massachusetts,"3,486"
idaho,michigan,"2,317"
idaho,minnesota,"1,593"
idaho,mississippi,"2,557"
idaho,missouri,"2,035"
idaho,montana-us,"463"
idaho,nebraska,"1,246"
idaho,nevada,"601"
idaho,new-hampshire,"3,445"
idaho,new-jersey,"3,334"
idaho,new-mexico,"1,306"
idaho,new-york,"3,341"
idaho,north-carolina,"3,163"
idaho,north-dakota,"1,134"
idaho,ohio,"2,642"
idaho,oklahoma,"1,814"
idaho,oregon,"467"
idaho,pennsylvania,"3,069"
idaho,rhode-island,"3,508"
idaho,south-carolina,"3,098"
idaho,south-dakota,"1,188"
idaho,tennessee,"2,576"
idaho,texas,"1,866"
idaho,utah,"608"
idaho,vermont,"3,326"
idaho,virginia,"3,109"
idaho,washington,"717"
idaho,west-virginia,"2,912"
idaho,wisconsin,"2,076"
idaho,wyoming,"612"
illinois,alabama,"949"
illinois,alaska,"4,606"
illinois,arizona,"2,050"
illinois,arkansas,"640"
illinois,california,"2,633"
illinois,colorado,"1,400"
illinois,connecticut,"1,372"
illinois,delaware,"1,202"
illinois,florida,"1,610"
illinois,georgia,"9,665"
illinois,hawaii,"6,609"
illinois,idaho,"2,114"
illinois,illinois,"0"
illinois,indiana,"280"
illinois,iowa,"339"
illinois,kansas,"798"
illinois,kentucky,"540"
illinois,louisiana,"1,095"
illinois,maine,"1,702"
illinois,maryland,"1,105"
illinois,massachusetts,"1,514"
illinois,michigan,"514"
illinois,minnesota,"800"
illinois,mississippi,"919"
illinois,missouri,"363"
illinois,montana-us,"1,818"
illinois,nebraska,"887"
illinois,nevada,"2,317"
illinois,new-hampshire,"1,503"
illinois,new-jersey,"1,274"
illinois,new-mexico,"1,602"
illinois,new-york,"1,300"
illinois,north-carolina,"1,057"
illinois,north-dakota,"1,204"
illinois,ohio,"550"
illinois,oklahoma,"921"
illinois,oregon,"2,581"
illinois,pennsylvania,"1,029"
illinois,rhode-island,"1,506"
illinois,south-carolina,"1,049"
illinois,south-dakota,"941"
illinois,tennessee,"619"
illinois,texas,"1,345"
illinois,utah,"1,854"
illinois,vermont,"1,445"
illinois,virginia,"995"
illinois,washington,"2,764"
illinois,west-virginia,"800"
illinois,wisconsin,"354"
illinois,wyoming,"1,507"
indiana,alabama,"885"
indiana,alaska,"4,798"
indiana,arizona,"2,313"
indiana,arkansas,"754"
indiana,california,"2,911"
indiana,colorado,"1,678"
indiana,connecticut,"1,108"
indiana,delaware,"923"
indiana,florida,"1,461"
indiana,georgia,"9,545"
indiana,hawaii,"6,887"
indiana,idaho,"2,389"
indiana,illinois,"280"
indiana,indiana,"0"
indiana,iowa,"612"
indiana,kansas,"1,068"
indiana,kentucky,"314"
indiana,louisiana,"1,157"
indiana,maine,"1,471"
indiana,maryland,"826"
indiana,massachusetts,"1,256"
indiana,michigan,"452"
indiana,minnesota,"996"
indiana,mississippi,"925"
indiana,missouri,"555"
indiana,montana-us,"2,080"
indiana,nebraska,"1,167"
indiana,nevada,"2,596"
indiana,new-hampshire,"1,253"
indiana,new-jersey,"999"
indiana,new-mexico,"1,855"
indiana,new-york,"1,029"
indiana,north-carolina,"800"
indiana,north-dakota,"1,439"
indiana,ohio,"275"
indiana,oklahoma,"1,128"
indiana,oregon,"2,856"
indiana,pennsylvania,"762"
indiana,rhode-island,"1,242"
indiana,south-carolina,"839"
indiana,south-dakota,"1,209"
indiana,tennessee,"529"
indiana,texas,"1,541"
indiana,utah,"2,133"
indiana,vermont,"1,212"
indiana,virginia,"721"
indiana,washington,"3,030"
indiana,west-virginia,"523"
indiana,wisconsin,"448"
indiana,wyoming,"1,784"
iowa,alabama,"1,195"
iowa,alaska,"4,314"
iowa,arizona,"1,799"
iowa,arkansas,"749"
iowa,california,"2,329"
iowa,colorado,"1,101"
iowa,connecticut,"1,661"
iowa,delaware,"1,525"
iowa,florida,"1,896"
iowa,georgia,"9,711"
iowa,hawaii,"6,300"
iowa,idaho,"1,777"
iowa,illinois,"339"
iowa,indiana,"612"
iowa,iowa,"0"
iowa,kansas,"557"
iowa,kentucky,"878"
iowa,louisiana,"1,213"
iowa,maine,"1,940"
iowa,maryland,"1,428"
iowa,massachusetts,"1,791"
iowa,michigan,"667"
iowa,minnesota,"554"
iowa,mississippi,"1,107"
iowa,missouri,"448"
iowa,montana-us,"1,480"
iowa,nebraska,"568"
iowa,nevada,"2,004"
iowa,new-hampshire,"1,769"
iowa,new-jersey,"1,583"
iowa,new-mexico,"1,383"
iowa,new-york,"1,601"
iowa,north-carolina,"1,396"
iowa,north-dakota,"888"
iowa,ohio,"870"
iowa,oklahoma,"838"
iowa,oregon,"2,244"
iowa,pennsylvania,"1,327"
iowa,rhode-island,"1,794"
iowa,south-carolina,"1,376"
iowa,south-dakota,"602"
iowa,tennessee,"905"
iowa,texas,"1,255"
iowa,utah,"1,546"
iowa,vermont,"1,689"
iowa,virginia,"1,332"
iowa,washington,"2,424"
iowa,west-virginia,"1,135"
iowa,wisconsin,"411"
iowa,wyoming,"1,173"
kansas,alabama,"1,283"
kansas,alaska,"4,321"
kansas,arizona,"1,255"
kansas,arkansas,"727"
kansas,california,"1,854"
kansas,colorado,"632"
kansas,connecticut,"2,170"
kansas,delaware,"1,984"
kansas,florida,"2,014"
kansas,georgia,"10,210"
kansas,hawaii,"5,826"
kansas,idaho,"1,465"
kansas,illinois,"798"
kansas,indiana,"1,068"
kansas,iowa,"557"
kansas,kansas,"0"
kansas,kentucky,"1,247"
kansas,louisiana,"1,071"
kansas,maine,"2,484"
kansas,maryland,"1,887"
kansas,massachusetts,"2,311"
kansas,michigan,"1,222"
kansas,minnesota,"912"
kansas,mississippi,"1,104"
kansas,missouri,"592"
kansas,montana-us,"1,303"
kansas,nebraska,"301"
kansas,nevada,"1,553"
kansas,new-hampshire,"2,297"
kansas,new-jersey,"2,067"
kansas,new-mexico,"826"
kansas,new-york,"2,096"
kansas,north-carolina,"1,758"
kansas,north-dakota,"970"
kansas,ohio,"1,343"
kansas,oklahoma,"461"
kansas,oregon,"1,914"
kansas,pennsylvania,"1,827"
kansas,rhode-island,"2,304"
kansas,south-carolina,"1,653"
kansas,south-dakota,"563"
kansas,tennessee,"1,124"
kansas,texas,"792"
kansas,utah,"1,089"
kansas,vermont,"2,229"
kansas,virginia,"1,742"
kansas,washington,"2,169"
kansas,west-virginia,"1,564"
kansas,wisconsin,"968"
kansas,wyoming,"866"
kentucky,alabama,"658"
kentucky,alaska,"5,111"
kentucky,arizona,"2,448"
kentucky,arkansas,"738"
kentucky,california,"3,100"
kentucky,colorado,"1,877"
kentucky,connecticut,"1,045"
kentucky,delaware,"773"
kentucky,florida,"1,157"
kentucky,georgia,"9,671"
kentucky,hawaii,"7,068"
kentucky,idaho,"2,640"
kentucky,illinois,"540"
kentucky,indiana,"314"
kentucky,iowa,"878"
kentucky,kansas,"1,247"
kentucky,kentucky,"0"
kentucky,louisiana,"1,038"
kentucky,maine,"1,482"
kentucky,maryland,"679"
kentucky,massachusetts,"1,208"
kentucky,michigan,"728"
kentucky,minnesota,"1,307"
kentucky,mississippi,"767"
kentucky,missouri,"665"
kentucky,montana-us,"2,358"
kentucky,nebraska,"1,399"
kentucky,nevada,"2,799"
kentucky,new-hampshire,"1,228"
kentucky,new-jersey,"889"
kentucky,new-mexico,"1,973"
kentucky,new-york,"941"
kentucky,north-carolina,"522"
kentucky,north-dakota,"1,738"
kentucky,ohio,"310"
kentucky,oklahoma,"1,191"
kentucky,oregon,"3,106"
kentucky,pennsylvania,"714"
kentucky,rhode-island,"1,172"
kentucky,south-carolina,"525"
kentucky,south-dakota,"1,479"
kentucky,tennessee,"330"
kentucky,texas,"1,567"
kentucky,utah,"2,335"
kentucky,vermont,"1,230"
kentucky,virginia,"497"
kentucky,washington,"3,301"
kentucky,west-virginia,"345"
kentucky,wisconsin,"762"
kentucky,wyoming,"2,030"
louisiana,alabama,"502"
louisiana,alaska,"5,391"
louisiana,arizona,"1,827"
louisiana,arkansas,"468"
louisiana,california,"2,610"
louisiana,colorado,"1,573"
louisiana,connecticut,"2,057"
louisiana,delaware,"1,736"
louisiana,florida,"1,079"
louisiana,georgia,"10,695"
louisiana,hawaii,"6,433"
louisiana,idaho,"2,469"
louisiana,illinois,"1,095"
louisiana,indiana,"1,157"
louisiana,iowa,"1,213"
louisiana,kansas,"1,071"
louisiana,kentucky,"1,038"
louisiana,louisiana,"0"
louisiana,maine,"2,516"
louisiana,maryland,"1,656"
louisiana,massachusetts,"2,224"
louisiana,michigan,"1,581"
louisiana,minnesota,"1,764"
louisiana,mississippi,"287"
louisiana,missouri,"774"
louisiana,montana-us,"2,367"
louisiana,nebraska,"1,366"
louisiana,nevada,"2,389"
louisiana,new-hampshire,"2,253"
louisiana,new-jersey,"1,879"
louisiana,new-mexico,"1,360"
louisiana,new-york,"1,942"
louisiana,north-carolina,"1,314"
louisiana,north-dakota,"1,995"
louisiana,ohio,"1,328"
louisiana,oklahoma,"655"
louisiana,oregon,"2,883"
louisiana,pennsylvania,"1,743"
louisiana,rhode-island,"2,175"
louisiana,south-carolina,"1,063"
louisiana,south-dakota,"1,601"
louisiana,tennessee,"710"
louisiana,texas,"762"
louisiana,utah,"1,968"
louisiana,vermont,"2,267"
louisiana,virginia,"1,417"
louisiana,washington,"3,185"
louisiana,west-virginia,"1,348"
louisiana,wisconsin,"1,448"
louisiana,wyoming,"1,907"
maine,alabama,"2,080"
maine,alaska,"5,150"
maine,arizona,"3,737"
maine,arkansas,"2,197"
maine,california,"4,237"
maine,colorado,"3,031"
maine,connecticut,"501"
maine,delaware,"865"
maine,florida,"2,226"
maine,georgia,"8,245"
maine,hawaii,"8,170"
maine,idaho,"3,547"
maine,illinois,"1,702"
maine,indiana,"1,471"
maine,iowa,"1,940"
maine,kansas,"2,484"
maine,kentucky,"1,482"
maine,louisiana,"2,516"
maine,maine,"0"
maine,maryland,"910"
maine,massachusetts,"353"
maine,michigan,"1,281"
maine,minnesota,"1,954"
maine,mississippi,"2,237"
maine,missouri,"2,025"
maine,montana-us,"3,135"
maine,nebraska,"2,488"
maine,nevada,"3,899"
maine,new-hampshire,"285"
maine,new-jersey,"706"
maine,new-mexico,"3,302"
maine,new-york,"627"
maine,north-carolina,"1,328"
maine,north-dakota,"2,423"
maine,ohio,"1,223"
maine,oklahoma,"2,599"
maine,oregon,"3,997"
maine,pennsylvania,"773"
maine,rhode-island,"440"
maine,south-carolina,"1,616"
maine,south-dakota,"2,407"
maine,tennessee,"1,806"
maine,texas,"3,009"
maine,utah,"3,458"
maine,vermont,"259"
maine,virginia,"1,160"
maine,washington,"4,053"
maine,west-virginia,"1,173"
maine,wisconsin,"1,543"
maine,wyoming,"3,009"
maryland,alabama,"1,190"
maryland,alaska,"5,370"
maryland,arizona,"3,115"
maryland,arkansas,"1,414"
maryland,california,"3,735"
maryland,colorado,"2,503"
maryland,connecticut,"414"
maryland,delaware,"98"
maryland,florida,"1,341"
maryland,georgia,"9,155"
maryland,hawaii,"7,711"
maryland,idaho,"3,198"
maryland,illinois,"1,105"
maryland,indiana,"826"
maryland,iowa,"1,428"
maryland,kansas,"1,887"
maryland,kentucky,"679"
maryland,louisiana,"1,656"
maryland,maine,"910"
maryland,maryland,"0"
maryland,massachusetts,"580"
maryland,michigan,"947"
maryland,minnesota,"1,697"
maryland,mississippi,"1,371"
maryland,missouri,"1,329"
maryland,montana-us,"2,860"
maryland,nebraska,"1,991"
maryland,nevada,"3,422"
maryland,new-hampshire,"627"
maryland,new-jersey,"223"
maryland,new-mexico,"2,645"
maryland,new-york,"292"
maryland,north-carolina,"421"
maryland,north-dakota,"2,179"
maryland,ohio,"558"
maryland,oklahoma,"1,870"
maryland,oregon,"3,665"
maryland,pennsylvania,"244"
maryland,rhode-island,"521"
maryland,south-carolina,"706"
maryland,south-dakota,"2,010"
maryland,tennessee,"964"
maryland,texas,"2,244"
maryland,utah,"2,959"
maryland,vermont,"699"
maryland,virginia,"251"
maryland,washington,"3,814"
maryland,west-virginia,"335"
maryland,wisconsin,"1,142"
maryland,wyoming,"2,600"
massachusetts,alabama,"1,768"
massachusetts,alaska,"5,315"
massachusetts,arizona,"3,564"
massachusetts,arkansas,"1,942"
massachusetts,california,"4,118"
massachusetts,colorado,"2,893"
massachusetts,connecticut,"167"
massachusetts,delaware,"523"
massachusetts,florida,"1,876"
massachusetts,georgia,"8,580"
massachusetts,hawaii,"8,081"
massachusetts,idaho,"3,486"
massachusetts,illinois,"1,514"
massachusetts,indiana,"1,256"
massachusetts,iowa,"1,791"
massachusetts,kansas,"2,311"
massachusetts,kentucky,"1,208"
massachusetts,louisiana,"2,224"
massachusetts,maine,"353"
massachusetts,maryland,"580"
massachusetts,massachusetts,"0"
massachusetts,michigan,"1,170"
massachusetts,minnesota,"1,905"
massachusetts,mississippi,"1,940"
massachusetts,missouri,"1,805"
massachusetts,montana-us,"3,099"
massachusetts,nebraska,"2,356"
massachusetts,nevada,"3,788"
massachusetts,new-hampshire,"89"
massachusetts,new-jersey,"364"
massachusetts,new-mexico,"3,111"
massachusetts,new-york,"289"
massachusetts,north-carolina,"990"
massachusetts,north-dakota,"2,389"
massachusetts,ohio,"988"
massachusetts,oklahoma,"2,371"
massachusetts,oregon,"3,946"
massachusetts,pennsylvania,"501"
massachusetts,rhode-island,"92"
massachusetts,south-carolina,"1,279"
massachusetts,south-dakota,"2,313"
massachusetts,tennessee,"1,520"
massachusetts,texas,"2,767"
massachusetts,utah,"3,335"
massachusetts,vermont,"258"
massachusetts,virginia,"831"
massachusetts,washington,"4,040"
massachusetts,west-virginia,"877"
massachusetts,wisconsin,"1,423"
massachusetts,wyoming,"2,918"
michigan,alabama,"1,336"
michigan,alaska,"4,460"
michigan,arizona,"2,466"
michigan,arkansas,"1,143"
michigan,california,"2,961"
michigan,colorado,"1,750"
michigan,connecticut,"1,063"
michigan,delaware,"1,031"
michigan,florida,"1,883"
michigan,georgia,"9,152"
michigan,hawaii,"6,913"
michigan,idaho,"2,317"
michigan,illinois,"514"
michigan,indiana,"452"
michigan,iowa,"667"
michigan,kansas,"1,222"
michigan,kentucky,"728"
michigan,louisiana,"1,581"
michigan,maine,"1,281"
michigan,maryland,"947"
michigan,massachusetts,"1,170"
michigan,michigan,"0"
michigan,minnesota,"758"
michigan,mississippi,"1,368"
michigan,missouri,"877"
michigan,montana-us,"1,944"
michigan,nebraska,"1,207"
michigan,nevada,"2,626"
michigan,new-hampshire,"1,135"
michigan,new-jersey,"1,038"
michigan,new-mexico,"2,048"
michigan,new-york,"1,032"
michigan,north-carolina,"1,103"
michigan,north-dakota,"1,245"
michigan,ohio,"486"
michigan,oklahoma,"1,426"
michigan,oregon,"2,780"
michigan,pennsylvania,"770"
michigan,rhode-island,"1,190"
michigan,south-carolina,"1,225"
michigan,south-dakota,"1,143"
michigan,tennessee,"980"
michigan,texas,"1,852"
michigan,utah,"2,180"
michigan,vermont,"1,036"
michigan,virginia,"962"
michigan,washington,"2,894"
michigan,west-virginia,"767"
michigan,wisconsin,"262"
michigan,wyoming,"1,749"
minnesota,alabama,"1,732"
minnesota,alaska,"3,809"
minnesota,arizona,"1,973"
minnesota,arkansas,"1,302"
minnesota,california,"2,321"
minnesota,colorado,"1,203"
minnesota,connecticut,"1,812"
minnesota,delaware,"1,785"
minnesota,florida,"2,410"
minnesota,georgia,"9,309"
minnesota,hawaii,"6,217"
minnesota,idaho,"1,593"
minnesota,illinois,"800"
minnesota,indiana,"996"
minnesota,iowa,"554"
minnesota,kansas,"912"
minnesota,kentucky,"1,307"
minnesota,louisiana,"1,764"
minnesota,maine,"1,954"
minnesota,maryland,"1,697"
minnesota,massachusetts,"1,905"
minnesota,michigan,"758"
minnesota,minnesota,"0"
minnesota,mississippi,"1,658"
minnesota,missouri,"1,001"
minnesota,montana-us,"1,195"
minnesota,nebraska,"716"
minnesota,nevada,"1,976"
minnesota,new-hampshire,"1,858"
minnesota,new-jersey,"1,796"
minnesota,new-mexico,"1,650"
minnesota,new-york,"1,789"
minnesota,north-carolina,"1,785"
minnesota,north-dakota,"488"
minnesota,ohio,"1,180"
minnesota,oklahoma,"1,317"
minnesota,oregon,"2,046"
minnesota,pennsylvania,"1,528"
minnesota,rhode-island,"1,935"
minnesota,south-carolina,"1,831"
minnesota,south-dakota,"511"
minnesota,tennessee,"1,417"
minnesota,texas,"1,698"
minnesota,utah,"1,566"
minnesota,vermont,"1,734"
minnesota,virginia,"1,675"
minnesota,washington,"2,139"
minnesota,west-virginia,"1,472"
minnesota,wisconsin,"567"
minnesota,wyoming,"1,074"
mississippi,alabama,"235"
mississippi,alaska,"5,380"
mississippi,arizona,"2,028"
mississippi,arkansas,"388"
mississippi,california,"2,786"
mississippi,colorado,"1,676"
mississippi,connecticut,"1,773"
mississippi,delaware,"1,449"
mississippi,florida,"921"
mississippi,georgia,"10,437"
mississippi,hawaii,"6,661"
mississippi,idaho,"2,557"
mississippi,illinois,"919"
mississippi,indiana,"925"
mississippi,iowa,"1,107"
mississippi,kansas,"1,104"
mississippi,kentucky,"767"
mississippi,louisiana,"287"
mississippi,maine,"2,237"
mississippi,maryland,"1,371"
mississippi,massachusetts,"1,940"
mississippi,michigan,"1,368"
mississippi,minnesota,"1,658"
mississippi,mississippi,"0"
mississippi,missouri,"661"
mississippi,montana-us,"2,403"
mississippi,nebraska,"1,378"
mississippi,nevada,"2,541"
mississippi,new-hampshire,"1,971"
mississippi,new-jersey,"1,593"
mississippi,new-mexico,"1,549"
mississippi,new-york,"1,658"
mississippi,north-carolina,"1,029"
mississippi,north-dakota,"1,952"
mississippi,ohio,"1,067"
mississippi,oklahoma,"771"
mississippi,oregon,"2,991"
mississippi,pennsylvania,"1,464"
mississippi,rhode-island,"1,890"
mississippi,south-carolina,"786"
mississippi,south-dakota,"1,581"
mississippi,tennessee,"437"
mississippi,texas,"991"
mississippi,utah,"2,100"
mississippi,vermont,"1,990"
mississippi,virginia,"1,131"
mississippi,washington,"3,268"
mississippi,west-virginia,"1,066"
mississippi,wisconsin,"1,270"
mississippi,wyoming,"1,969"
missouri,alabama,"771"
missouri,alaska,"4,734"
missouri,arizona,"1,786"
missouri,arkansas,"307"
missouri,california,"2,438"
missouri,colorado,"1,224"
missouri,connecticut,"1,652"
missouri,delaware,"1,425"
missouri,florida,"1,494"
missouri,georgia,"10,028"
missouri,hawaii,"6,403"
missouri,idaho,"2,035"
missouri,illinois,"363"
missouri,indiana,"555"
missouri,iowa,"448"
missouri,kansas,"592"
missouri,kentucky,"665"
missouri,louisiana,"774"
missouri,maine,"2,025"
missouri,maryland,"1,329"
missouri,massachusetts,"1,805"
missouri,michigan,"877"
missouri,minnesota,"1,001"
missouri,mississippi,"661"
missouri,missouri,"0"
missouri,montana-us,"1,811"
missouri,nebraska,"795"
missouri,nevada,"2,144"
missouri,new-hampshire,"1,806"
missouri,new-jersey,"1,525"
missouri,new-mexico,"1,317"
missouri,new-york,"1,564"
missouri,north-carolina,"1,167"
missouri,north-dakota,"1,301"
missouri,ohio,"817"
missouri,oklahoma,"574"
missouri,oregon,"2,492"
missouri,pennsylvania,"1,306"
missouri,rhode-island,"1,785"
missouri,south-carolina,"1,066"
missouri,south-dakota,"951"
missouri,tennessee,"542"
missouri,texas,"992"
missouri,utah,"1,680"
missouri,vermont,"1,766"
missouri,virginia,"1,162"
missouri,washington,"2,723"
missouri,west-virginia,"997"
missouri,wisconsin,"695"
missouri,wyoming,"1,425"
montana-us,alabama,"2,566"
montana-us,alaska,"3,053"
montana-us,arizona,"1,426"
montana-us,arkansas,"2,018"
montana-us,california,"1,349"
montana-us,colorado,"895"
montana-us,connecticut,"3,005"
montana-us,delaware,"2,952"
montana-us,florida,"3,297"
montana-us,georgia,"9,790"
montana-us,hawaii,"5,060"
montana-us,idaho,"463"
montana-us,illinois,"1,818"
montana-us,indiana,"2,080"
montana-us,iowa,"1,480"
montana-us,kansas,"1,303"
montana-us,kentucky,"2,358"
montana-us,louisiana,"2,367"
montana-us,maine,"3,135"
montana-us,maryland,"2,860"
montana-us,massachusetts,"3,099"
montana-us,michigan,"1,944"
montana-us,minnesota,"1,195"
montana-us,mississippi,"2,403"
montana-us,missouri,"1,811"
montana-us,montana-us,"0"
montana-us,nebraska,"1,027"
montana-us,nevada,"1,024"
montana-us,new-hampshire,"3,052"
montana-us,new-jersey,"2,978"
montana-us,new-mexico,"1,423"
montana-us,new-york,"2,977"
montana-us,north-carolina,"2,875"
montana-us,north-dakota,"713"
montana-us,ohio,"2,315"
montana-us,oklahoma,"1,723"
montana-us,oregon,"868"
montana-us,pennsylvania,"2,710"
montana-us,rhode-island,"3,129"
montana-us,south-carolina,"2,848"
montana-us,south-dakota,"879"
montana-us,tennessee,"2,346"
montana-us,texas,"1,881"
montana-us,utah,"842"
montana-us,vermont,"2,924"
montana-us,virginia,"2,799"
montana-us,washington,"953"
montana-us,west-virginia,"2,597"
montana-us,wisconsin,"1,720"
montana-us,wyoming,"487"
nebraska,alabama,"1,539"
nebraska,alaska,"4,025"
nebraska,arizona,"1,284"
nebraska,arkansas,"992"
nebraska,california,"1,762"
nebraska,colorado,"543"
nebraska,connecticut,"2,228"
nebraska,delaware,"2,088"
nebraska,florida,"2,271"
nebraska,georgia,"10,019"
nebraska,hawaii,"5,732"
nebraska,idaho,"1,246"
nebraska,illinois,"887"
nebraska,indiana,"1,167"
nebraska,iowa,"568"
nebraska,kansas,"301"
nebraska,kentucky,"1,399"
nebraska,louisiana,"1,366"
nebraska,maine,"2,488"
nebraska,maryland,"1,991"
nebraska,massachusetts,"2,356"
nebraska,michigan,"1,207"
nebraska,minnesota,"716"
nebraska,mississippi,"1,378"
nebraska,missouri,"795"
nebraska,montana-us,"1,027"
nebraska,nebraska,"0"
nebraska,nevada,"1,436"
nebraska,new-hampshire,"2,331"
nebraska,new-jersey,"2,150"
nebraska,new-mexico,"934"
nebraska,new-york,"2,169"
nebraska,north-carolina,"1,921"
nebraska,north-dakota,"679"
nebraska,ohio,"1,433"
nebraska,oklahoma,"761"
nebraska,oregon,"1,708"
nebraska,pennsylvania,"1,895"
nebraska,rhode-island,"2,361"
nebraska,south-carolina,"1,853"
nebraska,south-dakota,"275"
nebraska,tennessee,"1,336"
nebraska,texas,"1,057"
nebraska,utah,"979"
nebraska,vermont,"2,242"
nebraska,virginia,"1,878"
nebraska,washington,"1,929"
nebraska,west-virginia,"1,687"
nebraska,wisconsin,"946"
nebraska,wyoming,"634"
nevada,alabama,"2,758"
nevada,alaska,"3,559"
nevada,arizona,"711"
nevada,arkansas,"2,218"
nevada,california,"347"
nevada,colorado,"922"
nevada,connecticut,"3,664"
nevada,delaware,"3,519"
nevada,florida,"3,454"
nevada,georgia,"10,792"
nevada,hawaii,"4,296"
nevada,idaho,"601"
nevada,illinois,"2,317"
nevada,indiana,"2,596"
nevada,iowa,"2,004"
nevada,kansas,"1,553"
nevada,kentucky,"2,799"
nevada,louisiana,"2,389"
nevada,maine,"3,899"
nevada,maryland,"3,422"
nevada,massachusetts,"3,788"
nevada,michigan,"2,626"
nevada,minnesota,"1,976"
nevada,mississippi,"2,541"
nevada,missouri,"2,144"
nevada,montana-us,"1,024"
nevada,nebraska,"1,436"
nevada,nevada,"0"
nevada,new-hampshire,"3,759"
nevada,new-jersey,"3,586"
nevada,new-mexico,"1,055"
nevada,new-york,"3,605"
nevada,north-carolina,"3,311"
nevada,north-dakota,"1,581"
nevada,ohio,"2,866"
nevada,oklahoma,"1,769"
nevada,oregon,"654"
nevada,pennsylvania,"3,332"
nevada,rhode-island,"3,796"
nevada,south-carolina,"3,193"
nevada,south-dakota,"1,493"
nevada,tennessee,"2,663"
nevada,texas,"1,678"
nevada,utah,"464"
nevada,vermont,"3,661"
nevada,virginia,"3,291"
nevada,washington,"1,056"
nevada,west-virginia,"3,108"
nevada,wisconsin,"2,368"
nevada,wyoming,"903"
new-hampshire,alabama,"1,806"
new-hampshire,alaska,"5,235"
new-hampshire,arizona,"3,552"
new-hampshire,arkansas,"1,955"
new-hampshire,california,"4,091"
new-hampshire,colorado,"2,870"
new-hampshire,connecticut,"216"
new-hampshire,delaware,"580"
new-hampshire,florida,"1,942"
new-hampshire,georgia,"8,528"
new-hampshire,hawaii,"8,049"
new-hampshire,idaho,"3,445"
new-hampshire,illinois,"1,503"
new-hampshire,indiana,"1,253"
new-hampshire,iowa,"1,769"
new-hampshire,kansas,"2,297"
new-hampshire,kentucky,"1,228"
new-hampshire,louisiana,"2,253"
new-hampshire,maine,"285"
new-hampshire,maryland,"627"
new-hampshire,massachusetts,"89"
new-hampshire,michigan,"1,135"
new-hampshire,minnesota,"1,858"
new-hampshire,mississippi,"1,971"
new-hampshire,missouri,"1,806"
new-hampshire,montana-us,"3,052"
new-hampshire,nebraska,"2,331"
new-hampshire,nevada,"3,759"
new-hampshire,new-hampshire,"0"
new-hampshire,new-jersey,"421"
new-hampshire,new-mexico,"3,104"
new-hampshire,new-york,"342"
new-hampshire,north-carolina,"1,044"
new-hampshire,north-dakota,"2,341"
new-hampshire,ohio,"990"
new-hampshire,oklahoma,"2,375"
new-hampshire,oregon,"3,903"
new-hampshire,pennsylvania,"514"
new-hampshire,rhode-island,"179"
new-hampshire,south-carolina,"1,332"
new-hampshire,south-dakota,"2,278"
new-hampshire,tennessee,"1,545"
new-hampshire,texas,"2,777"
new-hampshire,utah,"3,309"
new-hampshire,vermont,"172"
new-hampshire,virginia,"878"
new-hampshire,washington,"3,989"
new-hampshire,west-virginia,"905"
new-hampshire,wisconsin,"1,392"
new-hampshire,wyoming,"2,884"
new-jersey,alabama,"1,412"
new-jersey,alaska,"5,385"
new-jersey,arizona,"3,306"
new-jersey,arkansas,"1,627"
new-jersey,california,"3,906"
new-jersey,colorado,"2,674"
new-jersey,connecticut,"204"
new-jersey,delaware,"160"
new-jersey,florida,"1,523"
new-jersey,georgia,"8,944"
new-jersey,hawaii,"7,881"
new-jersey,idaho,"3,334"
new-jersey,illinois,"1,274"
new-jersey,indiana,"999"
new-jersey,iowa,"1,583"
new-jersey,kansas,"2,067"
new-jersey,kentucky,"889"
new-jersey,louisiana,"1,879"
new-jersey,maine,"706"
new-jersey,maryland,"223"
new-jersey,massachusetts,"364"
new-jersey,michigan,"1,038"
new-jersey,minnesota,"1,796"
new-jersey,mississippi,"1,593"
new-jersey,missouri,"1,525"
new-jersey,montana-us,"2,978"
new-jersey,nebraska,"2,150"
new-jersey,nevada,"3,586"
new-jersey,new-hampshire,"421"
new-jersey,new-jersey,"0"
new-jersey,new-mexico,"2,841"
new-jersey,new-york,"80"
new-jersey,north-carolina,"626"
new-jersey,north-dakota,"2,282"
new-jersey,ohio,"724"
new-jersey,oklahoma,"2,076"
new-jersey,oregon,"3,800"
new-jersey,pennsylvania,"268"
new-jersey,rhode-island,"299"
new-jersey,south-carolina,"915"
new-jersey,south-dakota,"2,147"
new-jersey,tennessee,"1,184"
new-jersey,texas,"2,457"
new-jersey,utah,"3,126"
new-jersey,vermont,"522"
new-jersey,virginia,"471"
new-jersey,washington,"3,930"
new-jersey,west-virginia,"546"
new-jersey,wisconsin,"1,261"
new-jersey,wyoming,"2,746"
new-mexico,alabama,"1,778"
new-mexico,alaska,"4,417"
new-mexico,arizona,"484"
new-mexico,arkansas,"1,285"
new-mexico,california,"1,251"
new-mexico,colorado,"558"
new-mexico,connecticut,"2,963"
new-mexico,delaware,"2,741"
new-mexico,florida,"2,438"
new-mexico,georgia,"10,939"
new-mexico,hawaii,"5,129"
new-mexico,idaho,"1,306"
new-mexico,illinois,"1,602"
new-mexico,indiana,"1,855"
new-mexico,iowa,"1,383"
new-mexico,kansas,"826"
new-mexico,kentucky,"1,973"
new-mexico,louisiana,"1,360"
new-mexico,maine,"3,302"
new-mexico,maryland,"2,645"
new-mexico,massachusetts,"3,111"
new-mexico,michigan,"2,048"
new-mexico,minnesota,"1,650"
new-mexico,mississippi,"1,549"
new-mexico,missouri,"1,317"
new-mexico,montana-us,"1,423"
new-mexico,nebraska,"934"
new-mexico,nevada,"1,055"
new-mexico,new-hampshire,"3,104"
new-mexico,new-jersey,"2,841"
new-mexico,new-mexico,"0"
new-mexico,new-york,"2,879"
new-mexico,north-carolina,"2,443"
new-mexico,north-dakota,"1,503"
new-mexico,ohio,"2,127"
new-mexico,oklahoma,"805"
new-mexico,oregon,"1,631"
new-mexico,pennsylvania,"2,617"
new-mexico,rhode-island,"3,096"
new-mexico,south-carolina,"2,273"
new-mexico,south-dakota,"1,168"
new-mexico,tennessee,"1,761"
new-mexico,texas,"624"
new-mexico,utah,"707"
new-mexico,vermont,"3,045"
new-mexico,virginia,"2,467"
new-mexico,washington,"1,991"
new-mexico,west-virginia,"2,312"
new-mexico,wisconsin,"1,794"
new-mexico,wyoming,"958"
new-york,alabama,"1,481"
new-york,alaska,"5,344"
new-york,arizona,"3,341"
new-york,arkansas,"1,678"
new-york,california,"3,928"
new-york,colorado,"2,697"
new-york,connecticut,"125"
new-york,delaware,"239"
new-york,florida,"1,603"
new-york,georgia,"8,867"
new-york,hawaii,"7,901"
new-york,idaho,"3,341"
new-york,illinois,"1,300"
new-york,indiana,"1,029"
new-york,iowa,"1,601"
new-york,kansas,"2,096"
new-york,kentucky,"941"
new-york,louisiana,"1,942"
new-york,maine,"627"
new-york,maryland,"292"
new-york,massachusetts,"289"
new-york,michigan,"1,032"
new-york,minnesota,"1,789"
new-york,mississippi,"1,658"
new-york,missouri,"1,564"
new-york,montana-us,"2,977"
new-york,nebraska,"2,169"
new-york,nevada,"3,605"
new-york,new-hampshire,"342"
new-york,new-jersey,"80"
new-york,new-mexico,"2,879"
new-york,new-york,"0"
new-york,north-carolina,"703"
new-york,north-dakota,"2,276"
new-york,ohio,"754"
new-york,oklahoma,"2,121"
new-york,oregon,"3,805"
new-york,pennsylvania,"274"
new-york,rhode-island,"233"
new-york,south-carolina,"992"
new-york,south-dakota,"2,155"
new-york,tennessee,"1,243"
new-york,texas,"2,507"
new-york,utah,"3,146"
new-york,vermont,"443"
new-york,virginia,"543"
new-york,washington,"3,926"
new-york,west-virginia,"601"
new-york,wisconsin,"1,265"
new-york,wyoming,"2,756"
north-carolina,alabama,"822"
north-carolina,alaska,"5,560"
north-carolina,arizona,"2,925"
north-carolina,arkansas,"1,164"
north-carolina,california,"3,605"
north-carolina,colorado,"2,390"
north-carolina,connecticut,"829"
north-carolina,delaware,"467"
north-carolina,florida,"928"
north-carolina,georgia,"9,570"
north-carolina,hawaii,"7,562"
north-carolina,idaho,"3,163"
north-carolina,illinois,"1,057"
north-carolina,indiana,"800"
north-carolina,iowa,"1,396"
north-carolina,kansas,"1,758"
north-carolina,kentucky,"522"
north-carolina,louisiana,"1,314"
north-carolina,maine,"1,328"
north-carolina,maryland,"421"
north-carolina,massachusetts,"990"
north-carolina,michigan,"1,103"
north-carolina,minnesota,"1,785"
north-carolina,mississippi,"1,029"
north-carolina,missouri,"1,167"
north-carolina,montana-us,"2,875"
north-carolina,nebraska,"1,921"
north-carolina,nevada,"3,311"
north-carolina,new-hampshire,"1,044"
north-carolina,new-jersey,"626"
north-carolina,new-mexico,"2,443"
north-carolina,new-york,"703"
north-carolina,north-carolina,"0"
north-carolina,north-dakota,"2,238"
north-carolina,ohio,"619"
north-carolina,oklahoma,"1,642"
north-carolina,oregon,"3,628"
north-carolina,pennsylvania,"625"
north-carolina,rhode-island,"920"
north-carolina,south-carolina,"290"
north-carolina,south-dakota,"1,998"
north-carolina,tennessee,"685"
north-carolina,texas,"1,973"
north-carolina,utah,"2,847"
north-carolina,vermont,"1,120"
north-carolina,virginia,"188"
north-carolina,washington,"3,820"
north-carolina,west-virginia,"340"
north-carolina,wisconsin,"1,221"
north-carolina,wyoming,"2,552"
north-dakota,alabama,"2,070"
north-dakota,alaska,"3,434"
north-dakota,arizona,"1,721"
north-dakota,arkansas,"1,569"
north-dakota,california,"1,927"
north-dakota,colorado,"969"
north-dakota,connecticut,"2,299"
north-dakota,delaware,"2,267"
north-dakota,florida,"2,782"
north-dakota,georgia,"9,451"
north-dakota,hawaii,"5,760"
north-dakota,idaho,"1,134"
north-dakota,illinois,"1,204"
north-dakota,indiana,"1,439"
north-dakota,iowa,"888"
north-dakota,kansas,"970"
north-dakota,kentucky,"1,738"
north-dakota,louisiana,"1,995"
north-dakota,maine,"2,423"
north-dakota,maryland,"2,179"
north-dakota,massachusetts,"2,389"
north-dakota,michigan,"1,245"
north-dakota,minnesota,"488"
north-dakota,mississippi,"1,952"
north-dakota,missouri,"1,301"
north-dakota,montana-us,"713"
north-dakota,nebraska,"679"
north-dakota,nevada,"1,581"
north-dakota,new-hampshire,"2,341"
north-dakota,new-jersey,"2,282"
north-dakota,new-mexico,"1,503"
north-dakota,new-york,"2,276"
north-dakota,north-carolina,"2,238"
north-dakota,north-dakota,"0"
north-dakota,ohio,"1,648"
north-dakota,oklahoma,"1,431"
north-dakota,oregon,"1,574"
north-dakota,pennsylvania,"2,014"
north-dakota,rhode-island,"2,421"
north-dakota,south-carolina,"2,253"
north-dakota,south-dakota,"407"
north-dakota,tennessee,"1,793"
north-dakota,texas,"1,733"
north-dakota,utah,"1,224"
north-dakota,vermont,"2,212"
north-dakota,virginia,"2,142"
north-dakota,washington,"1,652"
north-dakota,west-virginia,"1,938"
north-dakota,wisconsin,"1,038"
north-dakota,wyoming,"700"
ohio,alabama,"967"
ohio,alaska,"4,941"
ohio,arizona,"2,587"
ohio,arkansas,"975"
ohio,california,"3,183"
ohio,colorado,"1,951"
ohio,connecticut,"836"
ohio,delaware,"655"
ohio,florida,"1,420"
ohio,georgia,"9,370"
ohio,hawaii,"7,159"
ohio,idaho,"2,642"
ohio,illinois,"550"
ohio,indiana,"275"
ohio,iowa,"870"
ohio,kansas,"1,343"
ohio,kentucky,"310"
ohio,louisiana,"1,328"
ohio,maine,"1,223"
ohio,maryland,"558"
ohio,massachusetts,"988"
ohio,michigan,"486"
ohio,minnesota,"1,180"
ohio,mississippi,"1,067"
ohio,missouri,"817"
ohio,montana-us,"2,315"
ohio,nebraska,"1,433"
ohio,nevada,"2,866"
ohio,new-hampshire,"990"
ohio,new-jersey,"724"
ohio,new-mexico,"2,127"
ohio,new-york,"754"
ohio,north-carolina,"619"
ohio,north-dakota,"1,648"
ohio,ohio,"0"
ohio,oklahoma,"1,385"
ohio,oregon,"3,109"
ohio,pennsylvania,"490"
ohio,rhode-island,"970"
ohio,south-carolina,"747"
ohio,south-dakota,"1,455"
ohio,tennessee,"632"
ohio,texas,"1,788"
ohio,utah,"2,404"
ohio,vermont,"965"
ohio,virginia,"496"
ohio,washington,"3,267"
ohio,west-virginia,"292"
ohio,wisconsin,"613"
ohio,wyoming,"2,042"
oklahoma,alabama,"991"
oklahoma,alaska,"4,765"
oklahoma,arizona,"1,289"
oklahoma,arkansas,"480"
oklahoma,california,"2,021"
oklahoma,colorado,"920"
oklahoma,connecticut,"2,215"
oklahoma,delaware,"1,964"
oklahoma,florida,"1,688"
oklahoma,georgia,"10,547"
oklahoma,hawaii,"5,934"
oklahoma,idaho,"1,814"
oklahoma,illinois,"921"
oklahoma,indiana,"1,128"
oklahoma,iowa,"838"
oklahoma,kansas,"461"
oklahoma,kentucky,"1,191"
oklahoma,louisiana,"655"
oklahoma,maine,"2,599"
oklahoma,maryland,"1,870"
oklahoma,massachusetts,"2,371"
oklahoma,michigan,"1,426"
oklahoma,minnesota,"1,317"
oklahoma,mississippi,"771"
oklahoma,missouri,"574"
oklahoma,montana-us,"1,723"
oklahoma,nebraska,"761"
oklahoma,nevada,"1,769"
oklahoma,new-hampshire,"2,375"
oklahoma,new-jersey,"2,076"
oklahoma,new-mexico,"805"
oklahoma,new-york,"2,121"
oklahoma,north-carolina,"1,642"
oklahoma,north-dakota,"1,431"
oklahoma,ohio,"1,385"
oklahoma,oklahoma,"0"
oklahoma,oregon,"2,234"
oklahoma,pennsylvania,"1,870"
oklahoma,rhode-island,"2,346"
oklahoma,south-carolina,"1,468"
oklahoma,south-dakota,"1,024"
oklahoma,tennessee,"958"
oklahoma,texas,"426"
oklahoma,utah,"1,331"
oklahoma,vermont,"2,340"
oklahoma,virginia,"1,677"
oklahoma,washington,"2,531"
oklahoma,west-virginia,"1,535"
oklahoma,wisconsin,"1,207"
oklahoma,wyoming,"1,256"
oregon,alabama,"3,189"
oregon,alaska,"2,907"
oregon,arizona,"1,357"
oregon,arkansas,"2,632"
oregon,california,"786"
oregon,colorado,"1,315"
oregon,connecticut,"3,843"
oregon,delaware,"3,760"
oregon,florida,"3,911"
oregon,georgia,"10,332"
oregon,hawaii,"4,192"
oregon,idaho,"467"
oregon,illinois,"2,581"
oregon,indiana,"2,856"
oregon,iowa,"2,244"
oregon,kansas,"1,914"
oregon,kentucky,"3,106"
oregon,louisiana,"2,883"
oregon,maine,"3,997"
oregon,maryland,"3,665"
oregon,massachusetts,"3,946"
oregon,michigan,"2,780"
oregon,minnesota,"2,046"
oregon,mississippi,"2,991"
oregon,missouri,"2,492"
oregon,montana-us,"868"
oregon,nebraska,"1,708"
oregon,nevada,"654"
oregon,new-hampshire,"3,903"
oregon,new-jersey,"3,800"
oregon,new-mexico,"1,631"
oregon,new-york,"3,805"
oregon,north-carolina,"3,628"
oregon,north-dakota,"1,574"
oregon,ohio,"3,109"
oregon,oklahoma,"2,234"
oregon,oregon,"0"
oregon,pennsylvania,"3,535"
oregon,rhode-island,"3,970"
oregon,south-carolina,"3,557"
oregon,south-dakota,"1,655"
oregon,tennessee,"3,033"
oregon,texas,"2,231"
oregon,utah,"932"
oregon,vermont,"3,781"
oregon,virginia,"3,576"
oregon,washington,"404"
oregon,west-virginia,"3,379"
oregon,wisconsin,"2,541"
oregon,wyoming,"1,076"
pennsylvania,alabama,"1,311"
pennsylvania,alaska,"5,146"
pennsylvania,arizona,"3,075"
pennsylvania,arkansas,"1,442"
pennsylvania,california,"3,655"
pennsylvania,colorado,"2,424"
pennsylvania,connecticut,"346"
pennsylvania,delaware,"292"
pennsylvania,florida,"1,553"
pennsylvania,georgia,"9,002"
pennsylvania,hawaii,"7,628"
pennsylvania,idaho,"3,069"
pennsylvania,illinois,"1,029"
pennsylvania,indiana,"762"
pennsylvania,iowa,"1,327"
pennsylvania,kansas,"1,827"
pennsylvania,kentucky,"714"
pennsylvania,louisiana,"1,743"
pennsylvania,maine,"773"
pennsylvania,maryland,"244"
pennsylvania,massachusetts,"501"
pennsylvania,michigan,"770"
pennsylvania,minnesota,"1,528"
pennsylvania,mississippi,"1,464"
pennsylvania,missouri,"1,306"
pennsylvania,montana-us,"2,710"
pennsylvania,nebraska,"1,895"
pennsylvania,nevada,"3,332"
pennsylvania,new-hampshire,"514"
pennsylvania,new-jersey,"268"
pennsylvania,new-mexico,"2,617"
pennsylvania,new-york,"274"
pennsylvania,north-carolina,"625"
pennsylvania,north-dakota,"2,014"
pennsylvania,ohio,"490"
pennsylvania,oklahoma,"1,870"
pennsylvania,oregon,"3,535"
pennsylvania,pennsylvania,"0"
pennsylvania,rhode-island,"480"
pennsylvania,south-carolina,"890"
pennsylvania,south-dakota,"1,883"
pennsylvania,tennessee,"1,034"
pennsylvania,texas,"2,266"
pennsylvania,utah,"2,873"
pennsylvania,vermont,"530"
pennsylvania,virginia,"437"
pennsylvania,washington,"3,662"
pennsylvania,west-virginia,"402"
pennsylvania,wisconsin,"994"
pennsylvania,wyoming,"2,483"
rhode-island,alabama,"1,711"
rhode-island,alaska,"5,386"
rhode-island,arizona,"3,554"
rhode-island,arkansas,"1,908"
rhode-island,california,"4,123"
rhode-island,colorado,"2,895"
rhode-island,connecticut,"134"
rhode-island,delaware,"454"
rhode-island,florida,"1,794"
rhode-island,georgia,"8,652"
rhode-island,hawaii,"8,091"
rhode-island,idaho,"3,508"
rhode-island,illinois,"1,506"
rhode-island,indiana,"1,242"
rhode-island,iowa,"1,794"
rhode-island,kansas,"2,304"
rhode-island,kentucky,"1,172"
rhode-island,louisiana,"2,175"
rhode-island,maine,"440"
rhode-island,maryland,"521"
rhode-island,massachusetts,"92"
rhode-island,michigan,"1,190"
rhode-island,minnesota,"1,935"
rhode-island,mississippi,"1,890"
rhode-island,missouri,"1,785"
rhode-island,montana-us,"3,129"
rhode-island,nebraska,"2,361"
rhode-island,nevada,"3,796"
rhode-island,new-hampshire,"179"
rhode-island,new-jersey,"299"
rhode-island,new-mexico,"3,096"
rhode-island,new-york,"233"
rhode-island,north-carolina,"920"
rhode-island,north-dakota,"2,421"
rhode-island,ohio,"970"
rhode-island,oklahoma,"2,346"
rhode-island,oregon,"3,970"
rhode-island,pennsylvania,"480"
rhode-island,rhode-island,"0"
rhode-island,south-carolina,"1,210"
rhode-island,south-dakota,"2,330"
rhode-island,tennessee,"1,476"
rhode-island,texas,"2,736"
rhode-island,utah,"3,340"
rhode-island,vermont,"343"
rhode-island,virginia,"770"
rhode-island,washington,"4,073"
rhode-island,west-virginia,"834"
rhode-island,wisconsin,"1,437"
rhode-island,wyoming,"2,934"
south-carolina,alabama,"562"
south-carolina,alaska,"5,637"
south-carolina,arizona,"2,757"
south-carolina,arkansas,"991"
south-carolina,california,"3,471"
south-carolina,colorado,"2,281"
south-carolina,connecticut,"1,117"
south-carolina,delaware,"757"
south-carolina,florida,"685"
south-carolina,georgia,"9,859"
south-carolina,hawaii,"7,402"
south-carolina,idaho,"3,098"
south-carolina,illinois,"1,049"
south-carolina,indiana,"839"
south-carolina,iowa,"1,376"
south-carolina,kansas,"1,653"
south-carolina,kentucky,"525"
south-carolina,louisiana,"1,063"
south-carolina,maine,"1,616"
south-carolina,maryland,"706"
south-carolina,massachusetts,"1,279"
south-carolina,michigan,"1,225"
south-carolina,minnesota,"1,831"
south-carolina,mississippi,"786"
south-carolina,missouri,"1,066"
south-carolina,montana-us,"2,848"
south-carolina,nebraska,"1,853"
south-carolina,nevada,"3,193"
south-carolina,new-hampshire,"1,332"
south-carolina,new-jersey,"915"
south-carolina,new-mexico,"2,273"
south-carolina,new-york,"992"
south-carolina,north-carolina,"290"
south-carolina,north-dakota,"2,253"
south-carolina,ohio,"747"
south-carolina,oklahoma,"1,468"
south-carolina,oregon,"3,557"
south-carolina,pennsylvania,"890"
south-carolina,rhode-island,"1,210"
south-carolina,south-carolina,"0"
south-carolina,south-dakota,"1,969"
south-carolina,tennessee,"530"
south-carolina,texas,"1,763"
south-carolina,utah,"2,734"
south-carolina,vermont,"1,401"
south-carolina,virginia,"459"
south-carolina,washington,"3,778"
south-carolina,west-virginia,"532"
south-carolina,wisconsin,"1,286"
south-carolina,wyoming,"2,487"
south-dakota,alabama,"1,719"
south-dakota,alaska,"3,800"
south-dakota,arizona,"1,464"
south-dakota,arkansas,"1,194"
south-dakota,california,"1,834"
south-dakota,colorado,"693"
south-dakota,connecticut,"2,200"
south-dakota,delaware,"2,104"
south-dakota,florida,"2,445"
south-dakota,georgia,"9,772"
south-dakota,hawaii,"5,770"
south-dakota,idaho,"1,188"
south-dakota,illinois,"941"
south-dakota,indiana,"1,209"
south-dakota,iowa,"602"
south-dakota,kansas,"563"
south-dakota,kentucky,"1,479"
south-dakota,louisiana,"1,601"
south-dakota,maine,"2,407"
south-dakota,maryland,"2,010"
south-dakota,massachusetts,"2,313"
south-dakota,michigan,"1,143"
south-dakota,minnesota,"511"
south-dakota,mississippi,"1,581"
south-dakota,missouri,"951"
south-dakota,montana-us,"879"
south-dakota,nebraska,"275"
south-dakota,nevada,"1,493"
south-dakota,new-hampshire,"2,278"
south-dakota,new-jersey,"2,147"
south-dakota,new-mexico,"1,168"
south-dakota,new-york,"2,155"
south-dakota,north-carolina,"1,998"
south-dakota,north-dakota,"407"
south-dakota,ohio,"1,455"
south-dakota,oklahoma,"1,024"
south-dakota,oregon,"1,655"
south-dakota,pennsylvania,"1,883"
south-dakota,rhode-island,"2,330"
south-dakota,south-carolina,"1,969"
south-dakota,south-dakota,"0"
south-dakota,tennessee,"1,475"
south-dakota,texas,"1,332"
south-dakota,utah,"1,064"
south-dakota,vermont,"2,173"
south-dakota,virginia,"1,930"
south-dakota,washington,"1,823"
south-dakota,west-virginia,"1,730"
south-dakota,wisconsin,"893"
south-dakota,wyoming,"605"
tennessee,alabama,"356"
tennessee,alaska,"5,216"
tennessee,arizona,"2,244"
tennessee,arkansas,"479"
tennessee,california,"2,944"
tennessee,colorado,"1,751"
tennessee,connecticut,"1,354"
tennessee,delaware,"1,050"
tennessee,florida,"994"
tennessee,georgia,"10,000"
tennessee,hawaii,"6,886"
tennessee,idaho,"2,576"
tennessee,illinois,"619"
tennessee,indiana,"529"
tennessee,iowa,"905"
tennessee,kansas,"1,124"
tennessee,kentucky,"330"
tennessee,louisiana,"710"
tennessee,maine,"1,806"
tennessee,maryland,"964"
tennessee,massachusetts,"1,520"
tennessee,michigan,"980"
tennessee,minnesota,"1,417"
tennessee,mississippi,"437"
tennessee,missouri,"542"
tennessee,montana-us,"2,346"
tennessee,nebraska,"1,336"
tennessee,nevada,"2,663"
tennessee,new-hampshire,"1,545"
tennessee,new-jersey,"1,184"
tennessee,new-mexico,"1,761"
tennessee,new-york,"1,243"
tennessee,north-carolina,"685"
tennessee,north-dakota,"1,793"
tennessee,ohio,"632"
tennessee,oklahoma,"958"
tennessee,oregon,"3,033"
tennessee,pennsylvania,"1,034"
tennessee,rhode-island,"1,476"
tennessee,south-carolina,"530"
tennessee,south-dakota,"1,475"
tennessee,tennessee,"0"
tennessee,texas,"1,294"
tennessee,utah,"2,203"
tennessee,vermont,"1,557"
tennessee,virginia,"741"
tennessee,washington,"3,264"
tennessee,west-virginia,"643"
tennessee,wisconsin,"937"
tennessee,wyoming,"1,967"
texas,alabama,"1,226"
texas,alaska,"4,929"
texas,arizona,"1,070"
texas,arkansas,"830"
texas,california,"1,869"
texas,colorado,"995"
texas,connecticut,"2,607"
texas,delaware,"2,335"
texas,florida,"1,838"
texas,georgia,"10,966"
texas,hawaii,"5,674"
texas,idaho,"1,866"
texas,illinois,"1,345"
texas,indiana,"1,541"
texas,iowa,"1,255"
texas,kansas,"792"
texas,kentucky,"1,567"
texas,louisiana,"762"
texas,maine,"3,009"
texas,maryland,"2,244"
texas,massachusetts,"2,767"
texas,michigan,"1,852"
texas,minnesota,"1,698"
texas,mississippi,"991"
texas,missouri,"992"
texas,montana-us,"1,881"
texas,nebraska,"1,057"
texas,nevada,"1,678"
texas,new-hampshire,"2,777"
texas,new-jersey,"2,457"
texas,new-mexico,"624"
texas,new-york,"2,507"
texas,north-carolina,"1,973"
texas,north-dakota,"1,733"
texas,ohio,"1,788"
texas,oklahoma,"426"
texas,oregon,"2,231"
texas,pennsylvania,"2,266"
texas,rhode-island,"2,736"
texas,south-carolina,"1,763"
texas,south-dakota,"1,332"
texas,tennessee,"1,294"
texas,texas,"0"
texas,utah,"1,299"
texas,vermont,"2,750"
texas,virginia,"2,033"
texas,washington,"2,573"
texas,west-virginia,"1,911"
texas,wisconsin,"1,633"
texas,wyoming,"1,394"
utah,alabama,"2,312"
utah,alaska,"3,726"
utah,arizona,"585"
utah,arkansas,"1,765"
utah,california,"783"
utah,colorado,"458"
utah,connecticut,"3,207"
utah,delaware,"3,056"
utah,florida,"3,019"
utah,georgia,"10,604"
utah,hawaii,"4,755"
utah,idaho,"608"
utah,illinois,"1,854"
utah,indiana,"2,133"
utah,iowa,"1,546"
utah,kansas,"1,089"
utah,kentucky,"2,335"
utah,louisiana,"1,968"
utah,maine,"3,458"
utah,maryland,"2,959"
utah,massachusetts,"3,335"
utah,michigan,"2,180"
utah,minnesota,"1,566"
utah,mississippi,"2,100"
utah,missouri,"1,680"
utah,montana-us,"842"
utah,nebraska,"979"
utah,nevada,"464"
utah,new-hampshire,"3,309"
utah,new-jersey,"3,126"
utah,new-mexico,"707"
utah,new-york,"3,146"
utah,north-carolina,"2,847"
utah,north-dakota,"1,224"
utah,ohio,"2,404"
utah,oklahoma,"1,331"
utah,oregon,"932"
utah,pennsylvania,"2,873"
utah,rhode-island,"3,340"
utah,south-carolina,"2,734"
utah,south-dakota,"1,064"
utah,tennessee,"2,203"
utah,texas,"1,299"
utah,utah,"0"
utah,vermont,"3,216"
utah,virginia,"2,827"
utah,washington,"1,284"
utah,west-virginia,"2,644"
utah,wisconsin,"1,919"
utah,wyoming,"525"
vermont,alabama,"1,841"
vermont,alaska,"5,065"
vermont,arizona,"3,483"
vermont,arkansas,"1,940"
vermont,california,"3,997"
vermont,colorado,"2,784"
vermont,connecticut,"331"
vermont,delaware,"673"
vermont,florida,"2,037"
vermont,georgia,"8,473"
vermont,hawaii,"7,941"
vermont,idaho,"3,326"
vermont,illinois,"1,445"
vermont,indiana,"1,212"
vermont,iowa,"1,689"
vermont,kansas,"2,229"
vermont,kentucky,"1,230"
vermont,louisiana,"2,267"
vermont,maine,"259"
vermont,maryland,"699"
vermont,massachusetts,"258"
vermont,michigan,"1,036"
vermont,minnesota,"1,734"
vermont,mississippi,"1,990"
vermont,missouri,"1,766"
vermont,montana-us,"2,924"
vermont,nebraska,"2,242"
vermont,nevada,"3,661"
vermont,new-hampshire,"172"
vermont,new-jersey,"522"
vermont,new-mexico,"3,045"
vermont,new-york,"443"
vermont,north-carolina,"1,120"
vermont,north-dakota,"2,212"
vermont,ohio,"965"
vermont,oklahoma,"2,340"
vermont,oregon,"3,781"
vermont,pennsylvania,"530"
vermont,rhode-island,"343"
vermont,south-carolina,"1,401"
vermont,south-dakota,"2,173"
vermont,tennessee,"1,557"
vermont,texas,"2,750"
vermont,utah,"3,216"
vermont,vermont,"0"
vermont,virginia,"942"
vermont,washington,"3,854"
vermont,west-virginia,"932"
vermont,wisconsin,"1,297"
vermont,wyoming,"2,776"
virginia,alabama,"943"
virginia,alaska,"5,422"
virginia,arizona,"2,943"
virginia,arkansas,"1,208"
virginia,california,"3,595"
virginia,colorado,"2,369"
virginia,connecticut,"666"
virginia,delaware,"320"
virginia,florida,"1,116"
virginia,georgia,"9,405"
virginia,hawaii,"7,565"
virginia,idaho,"3,109"
virginia,illinois,"995"
virginia,indiana,"721"
virginia,iowa,"1,332"
virginia,kansas,"1,742"
virginia,kentucky,"497"
virginia,louisiana,"1,417"
virginia,maine,"1,160"
virginia,maryland,"251"
virginia,massachusetts,"831"
virginia,michigan,"962"
virginia,minnesota,"1,675"
virginia,mississippi,"1,131"
virginia,missouri,"1,162"
virginia,montana-us,"2,799"
virginia,nebraska,"1,878"
virginia,nevada,"3,291"
virginia,new-hampshire,"878"
virginia,new-jersey,"471"
virginia,new-mexico,"2,467"
virginia,new-york,"543"
virginia,north-carolina,"188"
virginia,north-dakota,"2,142"
virginia,ohio,"496"
virginia,oklahoma,"1,677"
virginia,oregon,"3,576"
virginia,pennsylvania,"437"
virginia,rhode-island,"770"
virginia,south-carolina,"459"
virginia,south-dakota,"1,930"
virginia,tennessee,"741"
virginia,texas,"2,033"
virginia,utah,"2,827"
virginia,vermont,"942"
virginia,virginia,"0"
virginia,washington,"3,750"
virginia,west-virginia,"204"
virginia,wisconsin,"1,109"
virginia,wyoming,"2,502"
washington,alabama,"3,452"
washington,alaska,"5,364"
washington,arizona,"3,081"
washington,arkansas,"1,377"
washington,california,"3,704"
washington,colorado,"2,472"
washington,connecticut,"450"
washington,delaware,"131"
washington,florida,"1,314"
washington,georgia,"9,189"
washington,hawaii,"7,680"
washington,idaho,"3,172"
washington,illinois,"1,075"
washington,indiana,"796"
washington,iowa,"1,401"
washington,kansas,"1,855"
washington,kentucky,"643"
washington,louisiana,"1,619"
washington,maine,"943"
washington,maryland,"38"
washington,massachusetts,"616"
washington,michigan,"932"
washington,minnesota,"1,679"
washington,mississippi,"1,333"
washington,missouri,"1,295"
washington,montana-us,"2,838"
washington,nebraska,"1,962"
washington,nevada,"3,391"
washington,new-hampshire,"661"
washington,new-jersey,"260"
washington,new-mexico,"2,610"
washington,new-york,"328"
washington,north-carolina,"391"
washington,north-dakota,"2,159"
washington,ohio,"531"
washington,oklahoma,"1,834"
washington,oregon,"3,639"
washington,pennsylvania,"255"
washington,rhode-island,"558"
washington,south-carolina,"673"
washington,south-dakota,"1,985"
washington,tennessee,"926"
washington,texas,"2,207"
washington,utah,"2,928"
washington,vermont,"729"
washington,virginia,"217"
washington,washington,"3,791"
washington,west-virginia,"299"
washington,wisconsin,"1,121"
washington,wyoming,"2,573"
west-virginia,alabama,"909"
west-virginia,alaska,"5,226"
west-virginia,arizona,"2,784"
west-virginia,arkansas,"1,081"
west-virginia,california,"3,417"
west-virginia,colorado,"2,187"
west-virginia,connecticut,"711"
west-virginia,delaware,"430"
west-virginia,florida,"1,217"
west-virginia,georgia,"9,403"
west-virginia,hawaii,"7,390"
west-virginia,idaho,"2,912"
west-virginia,illinois,"800"
west-virginia,indiana,"523"
west-virginia,iowa,"1,135"
west-virginia,kansas,"1,564"
west-virginia,kentucky,"345"
west-virginia,louisiana,"1,348"
west-virginia,maine,"1,173"
west-virginia,maryland,"335"
west-virginia,massachusetts,"877"
west-virginia,michigan,"767"
west-virginia,minnesota,"1,472"
west-virginia,mississippi,"1,066"
west-virginia,missouri,"997"
west-virginia,montana-us,"2,597"
west-virginia,nebraska,"1,687"
west-virginia,nevada,"3,108"
west-virginia,new-hampshire,"905"
west-virginia,new-jersey,"546"
west-virginia,new-mexico,"2,312"
west-virginia,new-york,"601"
west-virginia,north-carolina,"340"
west-virginia,north-dakota,"1,938"
west-virginia,ohio,"292"
west-virginia,oklahoma,"1,535"
west-virginia,oregon,"3,379"
west-virginia,pennsylvania,"402"
west-virginia,rhode-island,"834"
west-virginia,south-carolina,"532"
west-virginia,south-dakota,"1,730"
west-virginia,tennessee,"643"
west-virginia,texas,"1,911"
west-virginia,utah,"2,644"
west-virginia,vermont,"932"
west-virginia,virginia,"204"
west-virginia,washington,"3,548"
west-virginia,west-virginia,"0"
west-virginia,wisconsin,"905"
west-virginia,wyoming,"2,307"
wisconsin,alabama,"1,283"
wisconsin,alaska,"4,352"
wisconsin,arizona,"2,206"
wisconsin,arkansas,"988"
wisconsin,california,"2,701"
wisconsin,colorado,"1,488"
wisconsin,connecticut,"1,307"
wisconsin,delaware,"1,233"
wisconsin,florida,"1,904"
wisconsin,georgia,"9,345"
wisconsin,hawaii,"6,658"
wisconsin,idaho,"2,076"
wisconsin,illinois,"354"
wisconsin,indiana,"448"
wisconsin,iowa,"411"
wisconsin,kansas,"968"
wisconsin,kentucky,"762"
wisconsin,louisiana,"1,448"
wisconsin,maine,"1,543"
wisconsin,maryland,"1,142"
wisconsin,massachusetts,"1,423"
wisconsin,michigan,"262"
wisconsin,minnesota,"567"
wisconsin,mississippi,"1,270"
wisconsin,missouri,"695"
wisconsin,montana-us,"1,720"
wisconsin,nebraska,"946"
wisconsin,nevada,"2,368"
wisconsin,new-hampshire,"1,392"
wisconsin,new-jersey,"1,261"
wisconsin,new-mexico,"1,794"
wisconsin,new-york,"1,265"
wisconsin,north-carolina,"1,221"
wisconsin,north-dakota,"1,038"
wisconsin,ohio,"613"
wisconsin,oklahoma,"1,207"
wisconsin,oregon,"2,541"
wisconsin,pennsylvania,"994"
wisconsin,rhode-island,"1,437"
wisconsin,south-carolina,"1,286"
wisconsin,south-dakota,"893"
wisconsin,tennessee,"937"
wisconsin,texas,"1,633"
wisconsin,utah,"1,919"
wisconsin,vermont,"1,297"
wisconsin,virginia,"1,109"
wisconsin,washington,"2,673"
wisconsin,west-virginia,"905"
wisconsin,wisconsin,"0"
wisconsin,wyoming,"1,497"
wyoming,alabama,"2,149"
wyoming,alaska,"3,538"
wyoming,arizona,"1,055"
wyoming,arkansas,"1,593"
wyoming,california,"1,248"
wyoming,colorado,"411"
wyoming,connecticut,"2,804"
wyoming,delaware,"2,696"
wyoming,florida,"2,880"
wyoming,georgia,"10,103"
wyoming,hawaii,"5,166"
wyoming,idaho,"612"
wyoming,illinois,"1,507"
wyoming,indiana,"1,784"
wyoming,iowa,"1,173"
wyoming,kansas,"866"
wyoming,kentucky,"2,030"
wyoming,louisiana,"1,907"
wyoming,maine,"3,009"
wyoming,maryland,"2,600"
wyoming,massachusetts,"2,918"
wyoming,michigan,"1,749"
wyoming,minnesota,"1,074"
wyoming,mississippi,"1,969"
wyoming,missouri,"1,425"
wyoming,montana-us,"487"
wyoming,nebraska,"634"
wyoming,nevada,"903"
wyoming,new-hampshire,"2,884"
wyoming,new-jersey,"2,746"
wyoming,new-mexico,"958"
wyoming,new-york,"2,756"
wyoming,north-carolina,"2,552"
wyoming,north-dakota,"700"
wyoming,ohio,"2,042"
wyoming,oklahoma,"1,256"
wyoming,oregon,"1,076"
wyoming,pennsylvania,"2,483"
wyoming,rhode-island,"2,934"
wyoming,south-carolina,"2,487"
wyoming,south-dakota,"605"
wyoming,tennessee,"1,967"
wyoming,texas,"1,394"
wyoming,utah,"525"
wyoming,vermont,"2,776"
wyoming,virginia,"2,502"
wyoming,washington,"1,303"
wyoming,west-virginia,"2,307"
wyoming,wisconsin,"1,497"
wyoming,wyoming,"0"
